feature,importance
category_tier,0.13059415
category_te,0.027383529
has_digital,0.01801509
bert_133,0.009330774
is_bestseller,0.009125042
bert_241,0.0064210915
char_count,0.006388957
bert_319,0.005333004
category_depth,0.0050347494
bert_115,0.005017521
engagement_rate,0.00499869
bert_127,0.004884247
bert_153,0.0047372524
bert_326,0.004577311
bert_223,0.004498222
text_word_count,0.004321313
has_wood,0.004306772
has_leather,0.00422158
trust_score,0.004210959
bert_265,0.004153763
premium_keyword_count,0.0040777624
avg_word_length,0.0038635693
bert_318,0.0038545057
reviews_log,0.0037825392
bert_71,0.0033915136
bert_347,0.0033196942
bert_125,0.003288889
bert_97,0.0032868497
has_silk,0.0032661005
bert_23,0.003210875
has_gold,0.0031124318
bert_308,0.003085484
bert_367,0.003062305
bert_245,0.0030462034
bert_202,0.003029785
bert_348,0.003006687
bert_182,0.0030017197
bert_179,0.0029984957
bert_207,0.0029832446
bert_218,0.0029419644
bert_211,0.0029410976
bert_35,0.0029216856
bert_273,0.0028952288
bert_313,0.0028416014
has_rattan,0.0028159467
bert_298,0.002809009
bert_95,0.0028081206
bert_19,0.002793294
bert_56,0.0027881656
bert_160,0.0027487732
bert_324,0.0027461166
bert_344,0.0026977647
bert_235,0.0026959267
bert_234,0.0026946836
bert_296,0.002668965
bert_145,0.0026505245
bert_251,0.0026428015
average_rating,0.002620855
bert_321,0.002618502
bert_219,0.0026115736
bert_339,0.0026093603
has_silver,0.002606584
bert_349,0.0025973981
bert_338,0.002593616
bert_228,0.002589881
bert_378,0.0025884171
bert_300,0.0025858465
bert_374,0.0025831454
bert_199,0.0025770762
bert_248,0.0025304055
bert_301,0.0024990172
bert_156,0.0024975396
bert_183,0.0024889326
bert_209,0.0024858986
bert_320,0.0024733911
bert_258,0.0024671494
bert_261,0.0024482645
bert_139,0.0024394456
bert_201,0.0024303787
bert_30,0.0024263894
bert_357,0.0024100265
bert_277,0.002401998
bert_57,0.0023486728
bert_137,0.002342722
bert_75,0.002333579
bert_379,0.0023322934
bert_336,0.0023272694
bert_168,0.0023198277
bert_340,0.0023089286
bert_103,0.0023030743
bert_60,0.0022975174
bert_101,0.0022938326
bert_76,0.0022818304
bert_354,0.0022773764
bert_37,0.0022772225
bert_105,0.0022667416
bert_309,0.0022619884
bert_152,0.0022455626
bert_364,0.0022316505
bert_124,0.0022149181
bert_337,0.0022087127
bert_91,0.0022086608
bert_166,0.0022085637
bert_149,0.0022068436
bert_72,0.002204107
bert_203,0.002197873
bert_226,0.002189535
bert_314,0.0021863093
bert_172,0.002185118
bert_244,0.0021816704
bert_102,0.0021732626
bert_370,0.0021717327
bert_373,0.0021709444
bert_356,0.0021666072
bert_148,0.0021595445
bert_331,0.0021419462
bert_297,0.0021242877
bert_285,0.002118459
bert_263,0.0021159388
bert_281,0.0021151972
bert_305,0.002106678
bert_48,0.0021049888
bert_215,0.002102501
bert_341,0.0020987378
bert_307,0.0020971822
bert_92,0.002093559
bert_233,0.0020933629
bert_176,0.0020903791
bert_359,0.00208489
bert_104,0.0020842133
bert_330,0.0020705357
bert_14,0.002062695
bert_64,0.0020435054
bert_147,0.0020369173
bert_175,0.0020310048
bert_158,0.0020261433
bert_350,0.0020233523
bert_93,0.002020072
bert_171,0.0020148617
bert_294,0.002007641
bert_365,0.001999375
bert_159,0.001996853
bert_334,0.0019865227
bert_131,0.0019841718
bert_146,0.0019815892
bert_141,0.0019806812
bert_375,0.0019775454
bert_238,0.0019723217
bert_185,0.001966568
bert_329,0.0019642904
bert_130,0.001963615
bert_181,0.001957247
bert_138,0.0019556342
bert_28,0.0019503417
bert_376,0.0019494195
bert_382,0.001945858
bert_270,0.0019439019
bert_250,0.001937776
bert_343,0.0019203397
bert_140,0.0019181924
bert_198,0.0019132154
bert_36,0.0019110708
bert_239,0.001904766
bert_20,0.0018994167
bert_177,0.0018931623
bert_184,0.001888353
bert_280,0.0018877436
bert_246,0.0018803896
bert_129,0.0018802078
bert_63,0.0018722698
bert_253,0.0018687653
bert_55,0.001868508
bert_49,0.0018665871
bert_293,0.0018606551
bert_88,0.0018582067
bert_15,0.0018567834
bert_366,0.0018562593
bert_170,0.0018539097
bert_284,0.0018481422
bert_247,0.0018470145
bert_249,0.0018429616
bert_368,0.0018380063
bert_69,0.001829994
bert_230,0.0018281513
bert_135,0.0018280538
bert_232,0.0018268597
bert_2,0.0018178038
bert_231,0.0018161628
bert_80,0.0018157532
bert_136,0.0018114687
bert_252,0.0018068913
bert_291,0.0018056053
bert_190,0.0018047751
bert_332,0.0018022464
bert_213,0.0017963274
bert_299,0.0017951129
bert_316,0.0017935439
bert_243,0.0017929862
bert_317,0.0017904493
bert_113,0.0017888984
bert_59,0.0017851273
bert_255,0.0017834312
bert_194,0.0017814562
bert_155,0.0017781759
bert_271,0.001774281
bert_132,0.0017680182
bert_78,0.0017675586
bert_10,0.0017652183
bert_369,0.0017624067
bert_68,0.0017585166
bert_7,0.0017582198
bert_377,0.0017582064
bert_217,0.0017572062
bert_327,0.0017536964
bert_44,0.0017525684
bert_287,0.00175239
bert_311,0.0017479705
bert_128,0.001745992
bert_122,0.0017454702
bert_119,0.0017446893
bert_197,0.0017437604
bert_120,0.0017421951
bert_221,0.0017419448
bert_161,0.0017393642
has_cotton,0.0017373565
bert_282,0.0017338743
bert_342,0.0017321078
bert_225,0.0017312748
bert_32,0.0017275842
bert_361,0.0017265629
bert_58,0.0017257868
bert_151,0.0017225738
bert_61,0.0017218394
bert_304,0.0017204194
bert_45,0.0017192864
bert_86,0.0017175697
bert_6,0.0017149132
bert_229,0.0017110835
bert_16,0.001700694
bert_77,0.001700291
bert_98,0.0017002679
bert_200,0.0016996637
bert_315,0.0016982337
bert_224,0.0016961236
bert_46,0.0016936377
bert_222,0.0016916603
bert_214,0.0016908948
bert_26,0.0016895434
bert_121,0.0016879198
bert_187,0.0016862468
bert_264,0.0016860481
bert_333,0.0016852958
bert_312,0.0016842922
bert_269,0.0016799872
bert_328,0.0016776774
bert_335,0.0016749616
bert_29,0.0016722427
bert_108,0.0016702134
bert_154,0.001662072
bert_260,0.0016614689
bert_188,0.0016592457
bert_212,0.0016566373
bert_266,0.0016564137
bert_295,0.0016560537
bert_157,0.0016549164
bert_40,0.001654703
bert_267,0.001644927
bert_117,0.00164343
bert_41,0.0016431386
bert_283,0.0016429619
bert_355,0.0016426382
bert_163,0.001642359
bert_383,0.0016402348
bert_186,0.0016346084
bert_180,0.0016329868
bert_216,0.0016312748
bert_237,0.0016281104
bert_81,0.0016270853
bert_47,0.0016249104
bert_257,0.0016198532
bert_256,0.0016190233
bert_302,0.0016162868
bert_372,0.0016154763
bert_353,0.001614522
bert_164,0.001613322
bert_352,0.0016111071
bert_87,0.0016101296
bert_70,0.0016094306
bert_205,0.0016087061
bert_54,0.0016058557
bert_191,0.0016017853
bert_206,0.0016010294
bert_116,0.0016005427
bert_142,0.0015943989
bert_310,0.001591449
bert_268,0.0015875353
bert_220,0.0015841703
bert_208,0.0015806295
bert_25,0.0015805718
bert_362,0.0015797821
bert_143,0.001577227
bert_303,0.0015768555
bert_227,0.0015758357
bert_259,0.0015728557
bert_351,0.0015717009
bert_65,0.0015704462
bert_150,0.0015638095
bert_371,0.0015607188
bert_169,0.0015589955
bert_381,0.0015523181
bert_360,0.0015519815
bert_286,0.0015510331
bert_96,0.0015496515
bert_254,0.001548002
bert_290,0.0015454734
bert_292,0.0015452097
bert_196,0.0015437
bert_50,0.0015436441
bert_192,0.0015428356
bert_178,0.0015390061
bert_325,0.0015332216
bert_90,0.0015312227
bert_89,0.001530239
bert_363,0.0015298821
bert_288,0.0015281208
bert_112,0.0015214485
bert_13,0.0015130176
bert_114,0.0015097783
bert_272,0.0015064351
bert_345,0.0015034258
bert_85,0.001498747
bert_109,0.0014939144
bert_276,0.0014890677
bert_274,0.0014790423
bert_17,0.0014781406
bert_193,0.001473307
bert_322,0.001472401
bert_99,0.0014709133
bert_38,0.0014691167
bert_240,0.0014647731
bert_306,0.0014642719
bert_173,0.0014622583
bert_107,0.0014609569
bert_278,0.001460604
bert_106,0.001459935
bert_236,0.0014584562
bert_275,0.0014581059
bert_84,0.0014577064
bert_358,0.0014457356
bert_144,0.0014446599
bert_33,0.0014442124
bert_110,0.0014436918
bert_73,0.0014430945
bert_134,0.0014426439
bert_323,0.0014389098
bert_174,0.001437401
bert_11,0.0014349126
bert_123,0.0014285594
bert_21,0.0014247152
bert_42,0.0014117102
bert_210,0.0014115522
bert_189,0.001407924
bert_167,0.0014054425
bert_165,0.0014026599
bert_195,0.0014009727
bert_74,0.0014001988
bert_204,0.001399738
bert_346,0.0013985079
bert_126,0.0013944533
bert_279,0.0013813402
bert_27,0.0013751924
bert_262,0.001374171
bert_0,0.0013720243
bert_52,0.0013717719
bert_83,0.0013631681
bert_94,0.0013627295
bert_118,0.0013618228
bert_66,0.0013600326
bert_24,0.0013588625
bert_242,0.0013542863
bert_289,0.001348921
bert_62,0.0013397745
bert_53,0.001334051
bert_12,0.0013308497
bert_4,0.0013302433
bert_67,0.0013246092
bert_39,0.0013197389
bert_82,0.0013023474
bert_22,0.0013017976
has_stone,0.0013007275
bert_162,0.0012921536
bert_34,0.0012915698
bert_51,0.0012857239
bert_43,0.0012748665
bert_5,0.0012680526
bert_3,0.0012675098
bert_380,0.0012633473
bert_100,0.0012048186
bert_8,0.0011943962
bert_79,0.0011887661
bert_31,0.0011865387
bert_18,0.0011832762
bert_9,0.0011706448
bert_111,0.0011121673
bert_1,0.0010657639
is_bali,0.0
